Model,Threshold,Accuracy,Recall (Fatigue),Precision (Fatigue),F1 (Fatigue),ROC-AUC
Logistic Regression (Balanced),0.5000000000000001,0.71875,0.7438162544169611,0.5798898071625345,0.651702786377709,0.7933272276178824
Random Forest (Balanced),0.3500000000000001,0.74375,0.6925795053003534,0.6242038216560509,0.6566164154103853,0.7958646308206492
XGBoost (Balanced),0.45000000000000007,0.72875,0.6519434628975265,0.6089108910891089,0.6296928327645052,0.763341443910574
LightGBM (Balanced),0.40000000000000013,0.71375,0.7314487632508834,0.575,0.6438569206842923,0.7854091626740299
