Model,Accuracy,Recall (Fatigue),Precision (Fatigue),F1 (Fatigue),ROC-AUC
Logistic Regression (Tuned),0.720625,0.7438162544169611,0.5822959889349931,0.6532195500387897,0.7931871151177969
Random Forest (Tuned),0.745625,0.6678445229681979,0.6331658291457286,0.650042992261393,0.8004165783844004
XGBoost (Tuned),0.761875,0.5441696113074205,0.7146171693735499,0.6178535606820461,0.8013717355496168
LightGBM (Tuned),0.7525,0.6749116607773852,0.6430976430976431,0.6586206896551724,0.7975630677119288
