,tenure_days,avg_daily_minutes_last_7d,avg_daily_minutes_last_30d,sessions_last_7d,sessions_last_30d,avg_completion_rate,unique_genres_watched_30d,days_since_last_session,binge_sessions_last_30d,peak_hour_viewing_pct,original_content_pct,recommendation_click_rate,fatigue_label
count,8000.0,8000.0,8000.0,8000.0,8000.0,8000.0,8000.0,8000.0,8000.0,8000.0,8000.0,8000.0,8000.0
mean,175.12,57.301224999999995,60.913325,5.191625,21.05675,0.386099,3.899875,1.919375,1.559125,71.4640625,45.645900000000005,0.205143125,0.353875
std,173.33343203154047,40.71191104531904,46.45914462147617,2.5363278532649263,10.580572905229365,0.17803792050190317,2.194242881292519,2.499481053152223,1.5556531559018876,15.796410132296739,19.511728245657594,0.1285624329951482,0.4782008666696913
min,7.0,0.0,5.0,0.0,0.0,0.05,1.0,0.0,0.0,9.8,1.1,0.02,0.0
25%,51.0,25.7,23.675,3.0,13.0,0.252,2.0,0.0,0.0,61.0,30.7,0.104,0.0
50%,121.0,53.9,53.4,5.0,20.0,0.372,4.0,1.0,1.0,73.4,45.0,0.197,0.0
75%,242.0,84.225,87.9,7.0,28.0,0.509,5.0,3.0,2.0,83.9,60.3,0.292,1.0
max,1095.0,214.8,300.0,17.0,75.0,0.977,15.0,30.0,11.0,95.0,90.0,0.695,1.0
